{
  "swagger": "2.0",
  "info": {
    "title": "High performance API",
    "description": "Made my Vincent Braunsfeld",
    "version": "1.0.0"
  },
  "host": "localhost:8080",
  "basePath": "/api",
  "schemes": [
    "http"
  ],
  "paths": {
    "/login": {
      "post": {
        "description": "",
        "parameters": [],
        "responses": {
          "200": {
            "description": "OK"
          },
          "401": {
            "description": "Unauthorized"
          }
        }
      },
      "delete": {
        "description": "",
        "parameters": [],
        "responses": {
          "200": {
            "description": "OK"
          },
          "401": {
            "description": "Unauthorized"
          }
        }
      },
      "get": {
        "description": "",
        "parameters": [],
        "responses": {
          "200": {
            "description": "OK"
          }
        }
      }
    },
    "/user": {
      "get": {
        "description": "",
        "parameters": [],
        "responses": {
          "200": {
            "description": "OK"
          },
          "401": {
            "description": "Unauthorized"
          }
        }
      }
    },
    "/salesman": {
      "get": {
        "description": "",
        "parameters": [],
        "responses": {
          "200": {
            "description": "OK"
          }
        }
      }
    },
    "/salesman/{sid}": {
      "get": {
        "description": "",
        "parameters": [
          {
            "name": "sid",
            "in": "path",
            "required": true,
            "type": "string"
          }
        ],
        "responses": {
          "200": {
            "description": "OK"
          },
          "404": {
            "description": "Not Found"
          }
        }
      }
    },
    "/order": {
      "get": {
        "description": "",
        "parameters": [],
        "responses": {
          "200": {
            "description": "OK"
          }
        }
      }
    },
    "/order/{sid}/{year}": {
      "get": {
        "description": "",
        "parameters": [
          {
            "name": "sid",
            "in": "path",
            "required": true,
            "type": "string"
          },
          {
            "name": "year",
            "in": "path",
            "required": true,
            "type": "string"
          }
        ],
        "responses": {
          "200": {
            "description": "OK"
          },
          "404": {
            "description": "Not Found"
          }
        }
      }
    },
    "/socialPerformance": {
      "post": {
        "description": "",
        "parameters": [
          {
            "name": "body",
            "in": "body",
            "schema": {
              "type": "object",
              "properties": {
                "sid": {
                  "example": "any"
                },
                "year": {
                  "example": "any"
                }
              }
            }
          }
        ],
        "responses": {
          "201": {
            "description": "Created"
          },
          "400": {
            "description": "Bad Request"
          }
        }
      },
      "get": {
        "description": "",
        "parameters": [],
        "responses": {
          "200": {
            "description": "OK"
          }
        }
      }
    },
    "/socialPerformance/{sid}": {
      "get": {
        "description": "",
        "parameters": [
          {
            "name": "sid",
            "in": "path",
            "required": true,
            "type": "string"
          }
        ],
        "responses": {}
      },
      "delete": {
        "description": "",
        "parameters": [
          {
            "name": "sid",
            "in": "path",
            "required": true,
            "type": "string"
          }
        ],
        "responses": {
          "203": {
            "description": "Non-Authoritative Information"
          },
          "404": {
            "description": "Not Found"
          }
        }
      }
    },
    "/socialPerformance/{sid}/{year}": {
      "get": {
        "description": "",
        "parameters": [
          {
            "name": "sid",
            "in": "path",
            "required": true,
            "type": "string"
          },
          {
            "name": "year",
            "in": "path",
            "required": true,
            "type": "string"
          }
        ],
        "responses": {}
      },
      "put": {
        "description": "",
        "parameters": [
          {
            "name": "sid",
            "in": "path",
            "required": true,
            "type": "string"
          },
          {
            "name": "year",
            "in": "path",
            "required": true,
            "type": "string"
          }
        ],
        "responses": {
          "201": {
            "description": "Created"
          },
          "404": {
            "description": "Not Found"
          }
        }
      },
      "delete": {
        "description": "",
        "parameters": [
          {
            "name": "sid",
            "in": "path",
            "required": true,
            "type": "string"
          },
          {
            "name": "year",
            "in": "path",
            "required": true,
            "type": "string"
          }
        ],
        "responses": {
          "203": {
            "description": "Non-Authoritative Information"
          },
          "404": {
            "description": "Not Found"
          }
        }
      }
    },
    "/bonus": {
      "post": {
        "description": "",
        "parameters": [
          {
            "name": "body",
            "in": "body",
            "schema": {
              "type": "object",
              "properties": {
                "sid": {
                  "example": "any"
                },
                "year": {
                  "example": "any"
                },
                "value": {
                  "example": "any"
                },
                "remarks": {
                  "example": "any"
                }
              }
            }
          }
        ],
        "responses": {
          "201": {
            "description": "Created"
          },
          "400": {
            "description": "Bad Request"
          }
        }
      },
      "get": {
        "description": "",
        "parameters": [],
        "responses": {
          "200": {
            "description": "OK"
          }
        }
      }
    },
    "/bonus/confirm": {
      "post": {
        "description": "",
        "parameters": [
          {
            "name": "body",
            "in": "body",
            "schema": {
              "type": "object",
              "properties": {
                "sid": {
                  "example": "any"
                },
                "year": {
                  "example": "any"
                },
                "value": {
                  "example": "any"
                }
              }
            }
          }
        ],
        "responses": {
          "201": {
            "description": "Created"
          }
        }
      }
    },
    "/bonus/{sid}": {
      "get": {
        "description": "",
        "parameters": [
          {
            "name": "sid",
            "in": "path",
            "required": true,
            "type": "string"
          }
        ],
        "responses": {
          "200": {
            "description": "OK"
          },
          "404": {
            "description": "Not Found"
          }
        }
      },
      "delete": {
        "description": "",
        "parameters": [
          {
            "name": "sid",
            "in": "path",
            "required": true,
            "type": "string"
          }
        ],
        "responses": {
          "203": {
            "description": "Non-Authoritative Information"
          },
          "404": {
            "description": "Not Found"
          }
        }
      }
    },
    "/bonus/{sid}/{year}": {
      "get": {
        "description": "",
        "parameters": [
          {
            "name": "sid",
            "in": "path",
            "required": true,
            "type": "string"
          },
          {
            "name": "year",
            "in": "path",
            "required": true,
            "type": "string"
          }
        ],
        "responses": {}
      },
      "put": {
        "description": "",
        "parameters": [
          {
            "name": "sid",
            "in": "path",
            "required": true,
            "type": "string"
          },
          {
            "name": "year",
            "in": "path",
            "required": true,
            "type": "string"
          }
        ],
        "responses": {
          "201": {
            "description": "Created"
          },
          "404": {
            "description": "Not Found"
          }
        }
      },
      "delete": {
        "description": "",
        "parameters": [
          {
            "name": "sid",
            "in": "path",
            "required": true,
            "type": "string"
          },
          {
            "name": "year",
            "in": "path",
            "required": true,
            "type": "string"
          }
        ],
        "responses": {
          "203": {
            "description": "Non-Authoritative Information"
          },
          "404": {
            "description": "Not Found"
          }
        }
      }
    }
  }
}